,Bacteroides_fragilis,Bacteroides_uniformis|t__SGB1836_group,Faecalibacterium_prausnitzii,Prevotella_copri_clade_A|t__SGB1626,_Cutibacterium_acnes|t__SGB16955,_Phocaeicola_plebeius|t__SGB1903_group,_Phocaeicola_vulgatus|t__SGB1814,putredinis|t__SGB2318,stercoris|t__SGB1830_group,unclassified|g__Phocaeicola,uniformis|t__SGB1836_group
0,0.0,0.0,0.0,0.0,0.0,0.0,0.0,0.0,0.00376,0.0,0.0
1,0.0,0.0,2.86088,0.0,0.0,0.0,0.0,0.0,0.0,0.0,0.0
2,0.10328,26.04722,1.40303,0.00582,0.0,0.0,0.0,0.0,0.0,0.0,0.0
3,0.27779,1.01937,4.45742,0.0,0.0,0.0,0.0,0.0,0.0,0.0,0.0
4,0.0,14.87913,6.4183,0.00694,0.0,0.0,0.0,0.0,0.0,0.0,0.0
5,0.16012,7.5855,4.76667,22.63057,0.0,0.0,0.0,0.0,0.0,0.0,0.0
6,0.0,0.0,0.0,0.0,0.0,0.0,0.02897,1.6409,0.0,1.17762,0.15085
7,0.0,0.0,0.0,0.0,0.0,0.0,0.0,0.0,0.0,0.0,0.0
8,0.0,0.9438,8.59828,1.79354,0.0,0.0,0.0,0.0,0.0,0.0,0.0
9,0.0,0.0,1.83727,0.0,0.0,0.0,0.0,0.0,0.0,0.0,0.0
10,0.0,0.57669,3.35036,21.69806,0.0,0.0,0.0,0.0,0.0,0.0,0.0
11,0.00019,3.46878,0.69535,0.06386,0.0,0.0,0.0,0.0,0.0,0.0,0.0
12,0.0,0.0,0.0,0.0,0.0,0.0,0.0,0.0,0.0,0.0,0.0
13,0.0,9.30992,2.08688,0.0,0.0,0.0,0.0,0.0,0.0,0.0,0.0
14,22.77089,0.00378,0.108,0.00499,0.0,0.0,0.0,0.0,0.0,0.0,0.0
15,0.0,0.0,0.0,0.0,0.0,0.0,12.42665,0.0,28.65507,16.37701,7.65229
16,0.07202,12.81907,3.10312,0.00825,0.0,0.0,0.0,0.0,0.0,0.0,0.0
17,0.13881,1.44708,4.60374,1.82913,0.0,0.0,0.0,0.0,0.0,0.0,0.0
18,0.0,7.93687,10.15202,0.0,0.0,0.0,0.0,0.0,0.0,0.0,0.0
19,0.0,0.0,0.0,0.0,0.0,0.02344,13.68863,0.44295,0.27454,23.71539,7.05976
20,0.0,0.0,0.0,0.0,0.0,0.0,0.00103,0.0,0.0,0.00103,0.0
21,0.0,3.41627,2.41306,13.30782,0.0,0.0,0.0,0.0,0.0,0.0,0.0
22,0.27012,10.09351,16.67877,0.0,0.0,0.0,0.0,0.0,0.0,0.0,0.0
23,0.0,0.0,0.0,0.0,0.0,30.84225,0.0,0.0,5.49411,37.01655,1.56851
24,0.0,0.0,0.0,0.0,0.0,0.0,19.22798,0.0,6.98106,49.80603,11.4889
25,0.0,0.0,0.0,0.0,0.0,0.00227,29.94023,0.0,0.00324,29.94573,2.16045
26,0.0,0.0,0.0,0.0,0.0,3.60852,23.18454,0.00283,2.81198,26.79916,1.78066
27,0.0,0.0,0.0,0.0,0.0,0.0,2.26697,19.15485,15.77266,3.23282,11.68313
28,0.0,0.0,0.0,0.0,10.89654,0.0,0.03376,0.00322,0.0,0.03376,0.0
29,0.0,0.0,3.35273,0.0,0.0,0.0,0.0,0.0,0.0,0.0,0.0
30,0.0,0.0,0.0,0.0,26.44574,0.0,0.0,0.0,0.0,0.0,0.0
31,0.0,0.0,0.0,0.0,0.0,16.48425,2.59173,7.01814,1.68447,20.32368,10.61473
32,0.0,0.0,0.0,0.0,0.0,4.69619,7.94435,7.50038,4.73553,19.76679,9.57121
33,0.57856,2.89348,7.20509,0.0,0.0,0.0,0.0,0.0,0.0,0.0,0.0
34,0.00296,8.91354,8.77324,0.0,0.0,0.0,0.0,0.0,0.0,0.0,0.0
35,0.0,0.0,0.0,0.0,0.0,0.0,16.0775,5.28859,10.28032,16.0775,9.56364
36,0.01069,1.29456,7.87493,0.0,0.0,0.0,0.0,0.0,0.0,0.0,0.0
37,0.0,4.13492,5.0332,39.3773,0.0,0.0,0.0,0.0,0.0,0.0,0.0
38,0.0,0.0,0.54965,0.0,0.0,0.0,0.0,0.0,0.0,0.0,0.0
39,0.19463,3.97828,2.24227,0.03341,0.0,0.0,0.0,0.0,0.0,0.0,0.0
40,0.0,0.0,0.0,0.0,0.0,0.0,2.52806,2.88179,0.0018,3.99679,4.1321
41,0.0,0.0,0.0,0.0,44.41641,0.0,0.0,0.0,0.0,0.0,0.0
42,0.01914,2.11838,3.93705,0.00843,0.0,0.0,0.0,0.0,0.0,0.0,0.0
43,0.56397,0.33096,11.44678,2.8632,0.0,0.0,0.0,0.0,0.0,0.0,0.0
44,0.0,0.0,0.0,0.0,0.0,0.05316,0.14473,0.02759,0.02165,0.19789,0.03697
45,0.0,0.0,0.0,0.0,0.0,0.03349,23.91494,0.2818,0.17901,29.93393,5.18918
46,0.0,0.0,0.0,0.0,0.0,1.41941,6.06149,13.45325,0.0,7.88362,6.34812
47,0.0,0.0,0.0,0.0,0.0,0.0,1.66216,4.51645,0.0,4.37778,3.68332
48,0.0,0.0,0.0,0.0,0.0,0.03133,0.08762,0.00512,0.01824,25.83935,4.21468
49,0.0,0.0,0.0,0.0,0.0,0.0,26.27175,0.0,0.0,28.98405,2.25982
50,0.0,0.0,0.0,0.0,0.00082,0.0,0.0,0.0,0.0,0.0,0.0
51,0.0,0.87827,4.61844,0.0,0.0,0.0,0.0,0.0,0.0,0.0,0.0
52,0.0,0.0,0.0,0.0,11.24239,0.0,0.0,0.02177,0.0,0.0,0.0
53,0.0,0.0,0.0,0.0,0.0,21.34234,11.45901,0.04016,0.05902,41.73002,0.26823
54,0.0,0.0,0.0,0.0,0.0,4.34274,5.92677,1.86787,1.94722,19.76756,9.19153
55,0.0,0.0,0.0,0.0,0.0,1.34092,6.44264,13.39054,0.0,8.12281,6.44783
56,0.0,0.0,0.0,0.0,0.00082,0.0,0.0,0.0,0.0,0.0,0.0
57,0.0,0.0,2.34709,0.0,0.0,0.0,0.0,0.0,0.0,0.0,0.0
58,0.0,0.82575,4.66314,0.0,0.0,0.0,0.0,0.0,0.0,0.0,0.0
59,0.0,0.0,0.0,0.0,0.0,0.0,0.0,2.76514,0.0,4.48357,0.39382
60,0.01115,0.1513,17.9645,1.64897,0.0,0.0,0.0,0.0,0.0,0.0,0.0
61,0.0,0.0,0.0,0.0,0.0,0.0,2.36831,19.5804,15.86707,3.44862,11.30077
62,0.0,0.48232,0.34133,43.03393,0.0,0.0,0.0,0.0,0.0,0.0,0.0
63,0.03604,0.97425,0.74972,1.45662,0.0,0.0,0.0,0.0,0.0,0.0,0.0
64,0.0,0.0,0.0,0.0,0.0,0.0,0.6325,0.64975,0.00046,0.66115,0.86841
65,0.0,0.74788,0.0183,35.1173,0.0,0.0,0.0,0.0,0.0,0.0,0.0
66,0.0,0.0,0.0,0.0,0.0,0.0,0.0,0.0,0.0,0.0,0.0
67,0.0,0.0,0.0,0.0,0.0,0.0,1.76932,19.31076,16.08967,2.8128,11.75432
68,0.0,0.0,0.0,0.0,0.0,0.0,0.00393,0.0,0.0,0.00393,0.0
69,0.55329,7.15354,4.42508,0.0,0.0,0.0,0.0,0.0,0.0,0.0,0.0
70,0.0,0.89624,2.51176,10.65824,0.0,0.0,0.0,0.0,0.0,0.0,0.0
71,0.0,2.88099,6.27424,0.00124,0.0,0.0,0.0,0.0,0.0,0.0,0.0
72,0.0,0.0,0.0,0.0,0.0,0.0,7.11289,0.0,0.00562,7.11347,1.76671
73,0.79902,14.4827,2.97071,0.02542,0.0,0.0,0.0,0.0,0.0,0.0,0.0
74,0.01089,0.00021,1.74231,36.78859,0.0,0.0,0.0,0.0,0.0,0.0,0.0
75,0.0,0.0,0.0,0.0,0.0,0.0,5.99416,0.0,7.23886,9.82591,2.24322
76,0.0,5.46393,6.74958,0.13495,0.0,0.0,0.0,0.0,0.0,0.0,0.0
77,0.0,0.0,0.0,0.0,0.0,7.3571,0.08377,0.34504,0.00846,26.16113,4.05888
78,0.0,0.0,0.0,0.0,0.0,16.40208,2.79229,7.06524,1.60462,20.36424,10.80752
79,0.0,0.0,0.0,0.0,0.0,0.0,65.54647,0.0,0.0,65.54681,0.0
80,0.27659,1.36,2.25633,0.00039,0.0,0.0,0.0,0.0,0.0,0.0,0.0
81,0.20016,4.56686,12.11138,0.0,0.0,0.0,0.0,0.0,0.0,0.0,0.0
82,0.0,0.0,0.0,0.0,0.0,0.0,0.12845,0.11345,0.01763,0.14629,0.03994
83,0.0,1.97496,3.94999,0.0,0.0,0.0,0.0,0.0,0.0,0.0,0.0
84,0.69907,2.46503,3.0529,0.00635,0.0,0.0,0.0,0.0,0.0,0.0,0.0
85,0.01119,9.50842,0.3013,0.00398,0.0,0.0,0.0,0.0,0.0,0.0,0.0
86,0.0,0.0,0.0,0.0,0.0,0.0,0.0,0.0,0.0,0.0,0.0
87,0.0,0.0,0.0,0.0,0.0,0.0,0.0,0.0,0.0,0.0,0.0
88,0.0,0.0,0.0,0.0,0.0,0.04466,0.00217,0.0,0.0,0.10005,0.03742
89,0.0,0.0,0.0,0.0,0.0,0.0,0.03034,3.41881,0.0,0.03034,0.08291
90,0.0,0.0,0.0,0.0,0.0,0.01294,11.10788,0.2215,13.0265,19.64524,4.76912
91,0.0,0.0,0.0,0.0,0.0,0.0,25.44674,0.0,15.43745,25.5071,4.50194
92,0.0,0.0,0.31913,0.0,0.0,0.0,0.0,0.0,0.0,0.0,0.0
93,0.10852,8.15887,0.37516,0.00148,0.0,0.0,0.0,0.0,0.0,0.0,0.0
94,0.0,0.29749,9.55316,0.0,0.0,0.0,0.0,0.0,0.0,0.0,0.0
95,0.2765,37.0396,0.03503,0.0,0.0,0.0,0.0,0.0,0.0,0.0,0.0
96,0.0,0.32272,8.59574,0.00916,0.0,0.0,0.0,0.0,0.0,0.0,0.0
97,0.76382,0.00588,0.0,0.0,0.0,0.0,0.0,0.0,0.0,0.0,0.0
98,0.0,0.0,0.0,0.0,0.0,25.55811,0.17837,0.02337,0.42058,25.75772,0.75122
99,0.0,1.05716,1.22448,0.05642,0.0,0.0,0.0,0.0,0.0,0.0,0.0
100,0.0,0.0,0.0,0.0,0.0,0.0,0.0,0.0,0.0,0.0,0.0
101,0.0,0.0,0.0,0.0,0.0,0.0,0.0,0.0,0.0,0.0,0.0
102,66.41921,0.27809,1.79423,0.0989,0.0,0.0,0.0,0.0,0.0,0.0,0.0
103,0.0,0.0,0.0,0.0,57.49191,0.0,3.93773,0.0,0.0,3.93773,0.4515
104,0.04607,0.48076,0.0615,0.03284,0.0,0.0,0.0,0.0,0.0,0.0,0.0
105,0.0,0.0,0.0,0.0,0.0,0.0,0.51487,26.60158,0.0,0.7354,39.82765
106,0.01339,0.62887,0.37516,0.0,0.0,0.0,0.0,0.0,0.0,0.0,0.0
107,0.06752,0.72121,3.32052,0.0,0.0,0.0,0.0,0.0,0.0,0.0,0.0
108,0.00097,1.02145,3.85883,0.8709,0.0,0.0,0.0,0.0,0.0,0.0,0.0
109,0.0,0.08495,0.61173,0.0,0.0,0.0,0.0,0.0,0.0,0.0,0.0
110,1.04772,4.4218,0.0,0.0,0.0,0.0,0.0,0.0,0.0,0.0,0.0
111,0.0,0.0,2.36009,0.0,0.0,0.0,0.0,0.0,0.0,0.0,0.0
112,0.02144,2.21755,4.92379,20.37964,0.0,0.0,0.0,0.0,0.0,0.0,0.0
113,0.74797,2.57294,1.64065,0.0,0.0,0.0,0.0,0.0,0.0,0.0,0.0
114,0.0,2.00997,3.50458,0.33657,0.0,0.0,0.0,0.0,0.0,0.0,0.0
115,0.0,0.7217,0.0,0.0,0.0,0.0,0.0,0.0,0.0,0.0,0.0
116,0.19036,2.76112,4.85501,0.0,0.0,0.0,0.0,0.0,0.0,0.0,0.0
117,0.01831,12.93786,7.15817,25.78387,0.0,0.0,0.0,0.0,0.0,0.0,0.0
118,0.00142,7.30184,2.67698,0.0,0.0,0.0,0.0,0.0,0.0,0.0,0.0
119,0.30241,0.31574,0.0017,0.0,0.0,0.0,0.0,0.0,0.0,0.0,0.0
120,0.0,0.0,0.0,0.0,0.0,0.0,0.0,0.0,0.0,0.0,0.0
121,0.08122,0.00076,3.93278,0.00429,0.0,0.0,0.0,0.0,0.0,0.0,0.0
122,6.05508,15.23865,0.0,0.0,0.0,0.0,0.0,0.0,0.0,0.0,0.0
123,0.29406,0.73238,2.29811,0.01676,0.0,0.0,0.0,0.0,0.0,0.0,0.0
124,0.0,0.0,0.0,0.0,0.0,0.0,0.11435,0.0,0.0,0.13981,0.08816
125,0.0,0.0,0.77099,0.0,0.0,0.0,0.0,0.0,0.0,0.0,0.0
126,0.26932,4.37719,1.50839,0.0066,0.0,0.0,0.0,0.0,0.0,0.0,0.0
127,0.0,0.60525,0.69599,0.0,0.0,0.0,0.0,0.0,0.0,0.0,0.0
128,0.0,0.0,0.0,0.0,0.0,16.38875,2.56433,7.18344,1.64036,20.17052,10.83384
129,0.0,7.55254,4.01073,0.0,0.0,0.0,0.0,0.0,0.0,0.0,0.0
130,0.0,0.0,0.0,0.0,0.0,0.0,3.33278,1.68984,0.0,4.13407,7.6055
131,0.0,0.0,1.30621,0.0,0.0,0.0,0.0,0.0,0.0,0.0,0.0
132,0.80229,1.88518,2.17471,6.96154,0.0,0.0,0.0,0.0,0.0,0.0,0.0
133,0.0,0.0,2.19702,0.0,0.0,0.0,0.0,0.0,0.0,0.0,0.0
134,0.0,0.0,0.0,0.0,0.09753,0.0,0.20472,0.0,0.0,0.20472,0.0
135,0.020979842100158824,2.242720431948852,3.8637302956127244,0.008286937764644174,0.0,0.0,0.0,0.0,0.0,0.0,0.0
136,0.07458787482566914,0.7090093477561239,3.22065621555227,0.0,0.0,0.0,0.0,0.0,0.0,0.0,0.0
137,0.26111904285039855,3.8571037821665066,12.00002137907596,0.4797502308602324,0.0,0.0,0.0,0.0,0.0,0.0,0.0
138,0.014337136752997205,0.15314109001227955,3.345890557245053,0.0,0.0,0.0,0.0,0.0,0.0,0.0,0.0
139,0.1251824399948587,7.505752899542423,2.5090978166353186,0.0012108990485334911,0.0,0.0,0.0,0.0,0.0,0.0,0.0
140,0.0,0.8252638312366272,8.773409298368847,1.4645966753974722,0.0,0.0,0.0,0.0,0.0,0.0,0.0
141,0.046333171675723483,3.956152226174658,2.853372597224852,0.006315516411431213,0.0,0.0,0.0,0.0,0.0,0.0,0.0
142,0.005298965787300548,0.5671694720685485,13.049515814917502,1.7248340373210727,0.0,0.0,0.0,0.0,0.0,0.0,0.0
143,47.56553560390297,0.1596031619362812,1.065871351215105,0.05833604329931891,0.0,0.0,0.0,0.0,0.0,0.0,0.0
144,0.06425868804802783,2.076137468132289,6.234535271172097,0.009729965574016581,0.0,0.0,0.0,0.0,0.0,0.0,0.0
145,0.08208577854476552,2.3362381493756557,5.688629325986957,0.012967994787325302,0.0,0.0,0.0,0.0,0.0,0.0,0.0
146,0.009370911857499265,0.08062542078868908,1.966623102621516,34.68355371101454,0.0,0.0,0.0,0.0,0.0,0.0,0.0
147,0.560672495268485,5.908986268561058,5.237245044374392,0.0,0.0,0.0,0.0,0.0,0.0,0.0,0.0
