,Faecalibacterium_prausnitzii,GGB3746_SGB5089|t__SGB5089,Phocaeicola_vulgatus|t__SGB1814,_Cutibacterium_acnes|t__SGB16955,_Faecalibacterium_prausnitzii,_Phocaeicola_plebeius|t__SGB1903_group,_Phocaeicola_vulgatus|t__SGB1814,mitis|t__SGB8163,putredinis|t__SGB2318,unclassified|g__Phocaeicola,uniformis|t__SGB1836_group
0,0.0,0.0,0.0,26.44574,0.0,0.0,0.0,0.0,0.0,0.0,0.0
1,0.0,0.0,0.0,0.0,0.60001,16.48425,2.59173,0.0,7.01814,20.32368,10.61473
2,0.0,0.0,0.0,0.0,1.1969,4.69619,7.94435,0.0,7.50038,19.76679,9.57121
3,7.20509,1.29211,0.0,0.0,0.0,0.0,0.0,0.0,0.0,0.0,0.0
4,8.77324,0.00041,0.8132,0.0,0.0,0.0,0.0,0.0,0.0,0.0,0.0
5,0.0,0.0,0.0,0.0,4.00133,0.0,16.0775,0.00859,5.28859,16.0775,9.56364
6,7.87493,2.68166,2.10271,0.0,0.0,0.0,0.0,0.0,0.0,0.0,0.0
7,5.0332,0.0057,9.85288,0.0,0.0,0.0,0.0,0.0,0.0,0.0,0.0
8,0.54965,0.06398,0.01709,0.0,0.0,0.0,0.0,0.0,0.0,0.0,0.0
9,2.24227,0.00281,4.92215,0.0,0.0,0.0,0.0,0.0,0.0,0.0,0.0
10,0.0,0.0,0.0,0.0,3.0423,0.0,2.52806,0.0,2.88179,3.99679,4.1321
11,0.0,0.0,0.0,44.41641,0.0,0.0,0.0,0.0,0.0,0.0,0.0
12,3.93705,1.09337,5.28384,0.0,0.0,0.0,0.0,0.0,0.0,0.0,0.0
13,11.44678,0.0,2.49754,0.0,0.0,0.0,0.0,0.0,0.0,0.0,0.0
14,0.0,0.0,0.0,0.0,0.01818,0.05316,0.14473,0.14906,0.02759,0.19789,0.03697
15,0.0,0.0,0.0,0.0,7.14791,0.03349,23.91494,0.0,0.2818,29.93393,5.18918
16,0.0,0.0,0.0,0.0,0.42552,1.41941,6.06149,0.0,13.45325,7.88362,6.34812
17,0.0,0.0,0.0,0.0,7.06691,0.0,1.66216,0.00112,4.51645,4.37778,3.68332
18,0.0,0.0,0.0,0.0,27.12968,0.03133,0.08762,0.0,0.00512,25.83935,4.21468
19,0.0,0.0,0.0,0.0,1.26933,0.0,26.27175,0.0,0.0,28.98405,2.25982
20,0.0,0.0,0.0,0.00082,0.0,0.0,0.0,0.37238,0.0,0.0,0.0
21,4.61844,0.0,0.07203,0.0,0.0,0.0,0.0,0.0,0.0,0.0,0.0
22,0.0,0.0,0.0,11.24239,0.0,0.0,0.0,0.0,0.02177,0.0,0.0
23,0.0,0.0,0.0,0.0,6.97018,21.34234,11.45901,0.00347,0.04016,41.73002,0.26823
24,0.0,0.0,0.0,0.0,1.36256,4.34274,5.92677,0.0,1.86787,19.76756,9.19153
25,0.0,0.0,0.0,0.0,0.38839,1.34092,6.44264,0.0,13.39054,8.12281,6.44783
26,0.0,0.0,0.0,0.00082,0.0,0.0,0.0,0.37238,0.0,0.0,0.0
27,2.34709,0.02969,1.23001,0.0,0.0,0.0,0.0,0.0,0.0,0.0,0.0
28,4.66314,0.0081,0.07742,0.0,0.0,0.0,0.0,0.0,0.0,0.0,0.0
29,0.0,0.0,0.0,0.0,2.3014,0.0,0.0,0.0,2.76514,4.48357,0.39382
30,17.9645,0.0,0.78324,0.0,0.0,0.0,0.0,0.0,0.0,0.0,0.0
31,0.0,0.0,0.0,0.0,3.18311,0.0,2.36831,0.0,19.5804,3.44862,11.30077
32,0.34133,0.0,25.69003,0.0,0.0,0.0,0.0,0.0,0.0,0.0,0.0
33,0.74972,0.0,6.19512,0.0,0.0,0.0,0.0,0.0,0.0,0.0,0.0
34,0.0,0.0,0.0,0.0,0.53168,0.0,0.6325,0.0,0.64975,0.66115,0.86841
35,0.0183,0.0448,7.91908,0.0,0.0,0.0,0.0,0.0,0.0,0.0,0.0
36,0.0,0.0,0.0,0.0,0.0,0.0,0.0,0.0559,0.0,0.0,0.0
37,0.0,0.0,0.0,0.0,3.26214,0.0,1.76932,0.0,19.31076,2.8128,11.75432
38,0.0,0.0,0.0,0.0,0.0,0.0,0.00393,1.3191,0.0,0.00393,0.0
39,4.42508,0.05928,0.0,0.0,0.0,0.0,0.0,0.0,0.0,0.0,0.0
40,2.51176,0.0,2.96723,0.0,0.0,0.0,0.0,0.0,0.0,0.0,0.0
41,6.27424,0.09925,11.61734,0.0,0.0,0.0,0.0,0.0,0.0,0.0,0.0
42,0.0,0.0,0.0,0.0,0.70122,0.0,7.11289,0.0,0.0,7.11347,1.76671
43,2.97071,0.31738,6.47054,0.0,0.0,0.0,0.0,0.0,0.0,0.0,0.0
44,1.74231,0.00018,0.30982,0.0,0.0,0.0,0.0,0.0,0.0,0.0,0.0
45,0.0,0.0,0.0,0.0,13.83267,0.0,5.99416,0.09254,0.0,9.82591,2.24322
46,6.74958,0.0,0.06594,0.0,0.0,0.0,0.0,0.0,0.0,0.0,0.0
47,0.0,0.0,0.0,0.0,4.12081,7.3571,0.08377,0.0,0.34504,26.16113,4.05888
48,0.0,0.0,0.0,0.0,0.5418,16.40208,2.79229,0.0,7.06524,20.36424,10.80752
49,0.0,0.0,0.0,0.0,0.0,0.0,65.54647,0.0,0.0,65.54681,0.0
50,2.25633,0.57362,5.61602,0.0,0.0,0.0,0.0,0.0,0.0,0.0,0.0
51,12.11138,0.01515,2.95257,0.0,0.0,0.0,0.0,0.0,0.0,0.0,0.0
52,0.0,0.0,0.0,0.0,0.0,0.0,0.12845,53.56615,0.11345,0.14629,0.03994
53,3.94999,0.04841,1.32255,0.0,0.0,0.0,0.0,0.0,0.0,0.0,0.0
54,3.0529,0.00736,2.44848,0.0,0.0,0.0,0.0,0.0,0.0,0.0,0.0
55,0.3013,0.10644,15.15886,0.0,0.0,0.0,0.0,0.0,0.0,0.0,0.0
56,0.0,0.0,0.0,0.0,0.0,0.0,0.0,0.0,0.0,0.0,0.0
57,0.0,0.0,0.00827,0.0,0.0,0.0,0.0,0.0,0.0,0.0,0.0
58,0.0,0.0,0.0,0.0,2.68032,0.04466,0.00217,0.0,0.0,0.10005,0.03742
59,0.0,0.0,0.0,0.0,0.23388,0.0,0.03034,0.0,3.41881,0.03034,0.08291
60,0.0,0.0,0.0,0.0,7.28823,0.01294,11.10788,0.0,0.2215,19.64524,4.76912
61,0.0,0.0,0.0,0.0,9.579,0.0,25.44674,0.0,0.0,25.5071,4.50194
62,0.31913,0.0,0.0,0.0,0.0,0.0,0.0,0.0,0.0,0.0,0.0
63,0.37516,0.0,2.89191,0.0,0.0,0.0,0.0,0.0,0.0,0.0,0.0
64,9.55316,0.11686,0.4992,0.0,0.0,0.0,0.0,0.0,0.0,0.0,0.0
65,0.03503,0.0,34.3644,0.0,0.0,0.0,0.0,0.0,0.0,0.0,0.0
66,8.59574,15.1772,27.5648,0.0,0.0,0.0,0.0,0.0,0.0,0.0,0.0
67,0.0,0.0,0.00594,0.0,0.0,0.0,0.0,0.0,0.0,0.0,0.0
68,0.0,0.0,0.0,0.0,2.26406,25.55811,0.17837,0.03525,0.02337,25.75772,0.75122
69,1.22448,0.0,4.16439,0.0,0.0,0.0,0.0,0.0,0.0,0.0,0.0
70,0.0,0.0,0.0,0.0,0.0,0.0,0.0,32.26495,0.0,0.0,0.0
71,0.0,0.0,0.0,0.0,0.0,0.0,0.0,0.0,0.0,0.0,0.0
72,1.79423,0.77777,4.19831,0.0,0.0,0.0,0.0,0.0,0.0,0.0,0.0
73,0.0,0.0,0.0,57.49191,0.0,0.0,3.93773,0.0,0.0,3.93773,0.4515
74,0.0615,0.0,0.05045,0.0,0.0,0.0,0.0,0.0,0.0,0.0,0.0
75,0.0,0.0,0.0,0.0,0.42501,0.0,0.51487,0.0,26.60158,0.7354,39.82765
76,0.37516,0.0,4.03919,0.0,0.0,0.0,0.0,0.0,0.0,0.0,0.0
77,3.32052,0.0,0.25902,0.0,0.0,0.0,0.0,0.0,0.0,0.0,0.0
78,3.85883,0.0,0.58497,0.0,0.0,0.0,0.0,0.0,0.0,0.0,0.0
79,0.61173,0.00372,0.0,0.0,0.0,0.0,0.0,0.0,0.0,0.0,0.0
80,0.0,0.08077,4.02697,0.0,0.0,0.0,0.0,0.0,0.0,0.0,0.0
81,2.36009,0.8213,0.05381,0.0,0.0,0.0,0.0,0.0,0.0,0.0,0.0
82,4.92379,0.51509,11.96695,0.0,0.0,0.0,0.0,0.0,0.0,0.0,0.0
83,1.64065,0.03519,12.95092,0.0,0.0,0.0,0.0,0.0,0.0,0.0,0.0
84,3.50458,0.06882,1.63322,0.0,0.0,0.0,0.0,0.0,0.0,0.0,0.0
85,0.0,0.0,0.28383,0.0,0.0,0.0,0.0,0.0,0.0,0.0,0.0
86,4.85501,0.0,0.13864,0.0,0.0,0.0,0.0,0.0,0.0,0.0,0.0
87,7.15817,0.0,6.98396,0.0,0.0,0.0,0.0,0.0,0.0,0.0,0.0
88,2.67698,0.01099,7.04719,0.0,0.0,0.0,0.0,0.0,0.0,0.0,0.0
89,0.0017,0.0,1.09749,0.0,0.0,0.0,0.0,0.0,0.0,0.0,0.0
90,0.0,0.0,0.0,0.0,0.0,0.0,0.0,0.06524,0.0,0.0,0.0
91,3.93278,18.41012,0.37179,0.0,0.0,0.0,0.0,0.0,0.0,0.0,0.0
92,0.0,0.01255,1.54826,0.0,0.0,0.0,0.0,0.0,0.0,0.0,0.0
93,2.29811,19.13097,37.84533,0.0,0.0,0.0,0.0,0.0,0.0,0.0,0.0
94,0.0,0.0,0.0,0.0,0.0,0.0,0.11435,0.0,0.0,0.13981,0.08816
95,0.77099,0.0,0.0,0.0,0.0,0.0,0.0,0.0,0.0,0.0,0.0
96,1.50839,0.69364,5.34366,0.0,0.0,0.0,0.0,0.0,0.0,0.0,0.0
97,0.69599,0.09434,4.9343,0.0,0.0,0.0,0.0,0.0,0.0,0.0,0.0
98,0.0,0.0,0.0,0.0,0.5658,16.38875,2.56433,0.0,7.18344,20.17052,10.83384
99,4.01073,0.02723,2.51476,0.0,0.0,0.0,0.0,0.0,0.0,0.0,0.0
100,0.0,0.0,0.0,0.0,1.46404,0.0,3.33278,0.0,1.68984,4.13407,7.6055
101,1.30621,0.27549,3.18053,0.0,0.0,0.0,0.0,0.0,0.0,0.0,0.0
102,2.17471,0.0,14.07345,0.0,0.0,0.0,0.0,0.0,0.0,0.0,0.0
103,2.19702,0.07004,9.06499,0.0,0.0,0.0,0.0,0.0,0.0,0.0,0.0
104,0.0,0.0,0.0,0.09753,0.0,0.0,0.20472,45.99698,0.0,0.20472,0.0
105,6.907780089294453,0.0039799281551312175,2.4710107506398455,0.0,0.0,0.0,0.0,0.0,0.0,0.0,0.0
106,2.743690995741916,0.045854173381412525,2.477893225256758,0.0,0.0,0.0,0.0,0.0,0.0,0.0,0.0
107,11.013262777406586,0.021454712674895248,2.5307457194082152,0.0,0.0,0.0,0.0,0.0,0.0,0.0,0.0
108,5.6294624015974,0.9747830863083873,0.7340802990457176,0.0,0.0,0.0,0.0,0.0,0.0,0.0,0.0
109,0.30546655922694166,0.10043555152835545,14.466861980653514,0.0,0.0,0.0,0.0,0.0,0.0,0.0,0.0
110,3.7216031631329427,0.10789205622678077,3.61447169664234,0.0,0.0,0.0,0.0,0.0,0.0,0.0,0.0
111,11.66549572112062,0.014219073541588615,2.77966162448069,0.0,0.0,0.0,0.0,0.0,0.0,0.0,0.0
112,2.2429012909537014,0.0028135433845766153,4.920223590302058,0.0,0.0,0.0,0.0,0.0,0.0,0.0,0.0
113,11.381404763303365,5.7322923616639175e-05,2.497157899098827,0.0,0.0,0.0,0.0,0.0,0.0,0.0,0.0
114,3.474076667283482,5.871284363962994,19.90436144044913,0.0,0.0,0.0,0.0,0.0,0.0,0.0,0.0
115,6.150075293085813,16.712634083656248,31.557211334005412,0.0,0.0,0.0,0.0,0.0,0.0,0.0,0.0
116,2.3166638562893076,18.99942450998637,37.662465468328165,0.0,0.0,0.0,0.0,0.0,0.0,0.0,0.0
117,3.1815160167033176,0.3104098432797329,6.38940708057705,0.0,0.0,0.0,0.0,0.0,0.0,0.0,0.0
